Source,Target
p1,t1
p1,t2
p1,t3
p1,t4
p1,t5
p1,t6
p1,t7
p1,t8
p1,t9
p1,t10
p1,t11
p1,t12
p1,t13
p1,t14
p1,u2
p2,t10
p2,t15
p2,t16
p2,t2
p2,t17
p2,t18
p2,t19
p2,u3
p3,t20
p3,t21
p3,t22
p3,t23
p3,t24
p3,t25
p3,t8
p3,t9
p3,t11
p3,t26
p3,t2
p3,t10
p3,t27
p3,t28
p3,t29
p3,t30
p3,t31
p3,t32
p3,t15
p3,t33
p3,u4
p4,t2
p4,t34
p4,t35
p4,t8
p4,t10
p4,t7
p4,t36
p4,t37
p4,t38
p4,t39
p4,t40
p4,t41
p4,t42
p4,u5
p5,t43
p5,t44
p5,t45
p5,t10
p5,t2
p5,t46
p5,t17
p5,t15
p5,t16
p5,t47
p5,t48
p5,t49
p5,t8
p5,t9
p5,t50
p5,t13
p5,t51
p5,u6
p6,t52
p6,t53
p6,t54
p6,t55
p6,t2
p6,t56
p6,t15
p6,t57
p6,t58
p6,t59
p6,t60
p6,t9
p6,t61
p6,t62
p6,t63
p6,t64
p6,t33
p6,t10
p6,u7
p7,t65
p7,t66
p7,t67
p7,t68
p7,t69
p7,t70
p7,t71
p7,t72
p7,t35
p7,t73
p7,t2
p7,t13
p7,t62
p7,t8
p7,t9
p7,t10
p7,t74
p7,t33
p7,t75
p7,t76
p7,u8
p8,t10
p8,t77
p8,t78
p8,t15
p8,u8
p9,t24
p9,t79
p9,t80
p9,t81
p9,t82
p9,t45
p9,t15
p9,t83
p9,t84
p9,t85
p9,t86
p9,t87
p9,t88
p9,t89
p9,t90
p9,t91
p9,t92
p9,t93
p9,t94
p9,t95
p9,u9
p10,t10
p10,t51
p10,t96
p10,t97
p10,u9
p11,t98
p11,t3
p11,t13
p11,t10
p11,t9
p11,t15
p11,t2
p11,t99
p11,t8
p11,t28
p11,t49
p11,t43
p11,t14
p11,t100
p11,t101
p11,t12
p11,u10
p12,t10
p12,t102
p12,t24
p12,t101
p12,t103
p12,t104
p12,t105
p12,t8
p12,t106
p12,t107
p12,t108
p12,t42
p12,u11
p13,t72
p13,t109
p13,t110
p13,t35
p13,t111
p13,t17
p13,t112
p13,t11
p13,t113
p13,t8
p13,t114
p13,t115
p13,t61
p13,t116
p13,t117
p13,t118
p13,t119
p13,t10
p13,t120
p13,t121
p13,u12
p14,t122
p14,t123
p14,t2
p14,t124
p14,t125
p14,t67
p14,t126
p14,t127
p14,t128
p14,t129
p14,t68
p14,t130
p14,t10
p14,t8
p14,t9
p14,u13
p15,t8
p15,t2
p15,t15
p15,t131
p15,t132
p15,t133
p15,t9
p15,t134
p15,t10
p15,t135
p15,t136
p15,t137
p15,t138
p15,t139
p15,u14
p16,t35
p16,t22
p16,t140
p16,t141
p16,t142
p16,t143
p16,t144
p16,t2
p16,t8
p16,t10
p16,t145
p16,t146
p16,t147
p16,t148
p16,t149
p16,t150
p16,t151
p16,t152
p16,t153
p16,u15
p17,t154
p17,t155
p17,t156
p17,t157
p17,t158
p17,t159
p17,t160
p17,t161
p17,t162
p17,t163
p17,t164
p17,t165
p17,t8
p17,t10
p17,t9
p17,u16
p18,t166
p18,t10
p18,t2
p18,t167
p18,t145
p18,t168
p18,u17
p19,t169
p19,t8
p19,t2
p19,t9
p19,t170
p19,t28
p19,t10
p19,u18
p20,t171
p20,t10
p20,t8
p20,t139
p20,t35
p20,t172
p20,t20
p20,t173
p20,t174
p20,t42
p20,t175
p20,t176
p20,t77
p20,t2
p20,t15
p20,t177
p20,t178
p20,u19
p21,t2
p21,t179
p21,t180
p21,t181
p21,t182
p21,t183
p21,t184
p21,t185
p21,u20
p22,t10
p22,t24
p22,t15
p22,u21
p23,t186
p23,t187
p23,t188
p23,t10
p23,t189
p23,u22
p24,t50
p24,t17
p24,t190
p24,t191
p24,t15
p24,t47
p24,t48
p24,t43
p24,t192
p24,t193
p24,t194
p24,u22
p25,t10
p25,t2
p25,t195
p25,t168
p25,t141
p25,t196
p25,t197
p25,t198
p25,u22
p26,t2
p26,t199
p26,t200
p26,t201
p26,t202
p26,t8
p26,t203
p26,t10
p26,u23
p27,t204
p27,t205
p27,t8
p27,t10
p27,t206
p27,t207
p27,t2
p27,t50
p27,t208
p27,t9
p27,t96
p27,t3
p27,t13
p27,t33
p27,t17
p27,u24
p28,t61
p28,t15
p28,t209
p28,t210
p28,t211
p28,t212
p28,t213
p28,t8
p28,t10
p28,t214
p28,t101
p28,t3
p28,u25
p29,t87
p29,t215
p29,t216
p29,t10
p29,t217
p29,t93
p29,t95
p29,t218
p29,t97
p29,u25
p30,t219
p30,t220
p30,t221
p30,t8
p30,t10
p30,t9
p30,t29
p30,u26
p31,t8
p31,t10
p31,t222
p31,t223
p31,t75
p31,t74
p31,t224
p31,t225
p31,t226
p31,t227
p31,t228
p31,t229
p31,t67
p31,t203
p31,t230
p31,t231
p31,t129
p31,t232
p31,t233
p31,t234
p31,u27
p32,t10
p32,t30
p32,t97
p32,t15
p32,t235
p32,t46
p32,t236
p32,t237
p32,t238
p32,t239
p32,t240
p32,t241
p32,t242
p32,t243
p32,t218
p32,u28
p33,t244
p33,t245
p33,t10
p33,t246
p33,u29
p34,t10
p34,t247
p34,t248
p34,t249
p34,t155
p34,t250
p34,t251
p34,t252
p34,t253
p34,t254
p34,t255
p34,t256
p34,t222
p34,t257
p34,t258
p34,t259
p34,t260
p34,t261
p34,t262
p34,t263
p34,u30
p35,t264
p35,t265
p35,t8
p35,t9
p35,t10
p35,t2
p35,t15
p35,t11
p35,t266
p35,t267
p35,t268
p35,t269
p35,t270
p35,t42
p35,u31
p36,t271
p36,t214
p36,t272
p36,t273
p36,t274
p36,t275
p36,t45
p36,t276
p36,t277
p36,t278
p36,t10
p36,t279
p36,t280
p36,u32
p37,t10
p37,t25
p37,t281
p37,t282
p37,t90
p37,t283
p37,t284
p37,t15
p37,t84
p37,t24
p37,t78
p37,t285
p37,t215
p37,t87
p37,t97
p37,t89
p37,t286
p37,t287
p37,t288
p37,t289
p37,u32
p38,t10
p38,t25
p38,t23
p38,t224
p38,t225
p38,t290
p38,t15
p38,t291
p38,u33
p39,t118
p39,t10
p39,t292
p39,t114
p39,t293
p39,t294
p39,t295
p39,t296
p39,t160
p39,t115
p39,t110
p39,u33
p40,t295
p40,t110
p40,t10
p40,t297
p40,t298
p40,t268
p40,t264
p40,t42
p40,u34
p41,t299
p41,t1
p41,t2
p41,t300
p41,t301
p41,t302
p41,t10
p41,u35
p42,t2
p42,t303
p42,t304
p42,t10
p42,t305
p42,t306
p42,t8
p42,t307
p42,t308
p42,t309
p42,t310
p42,t311
p42,t312
p42,t313
p42,t314
p42,t315
p42,u36
p43,t316
p43,t25
p43,t10
p43,t57
p43,t15
p43,t317
p43,t318
p43,t319
p43,t320
p43,t97
p43,t16
p43,t32
p43,t321
p43,t23
p43,t322
p43,t323
p43,t324
p43,u37
p44,t325
p44,t326
p44,t327
p44,t2
p44,t328
p44,t329
p44,t330
p44,t168
p44,t15
p44,t42
p44,t8
p44,t9
p44,t10
p44,t29
p44,t173
p44,u38
p45,t104
p45,t2
p45,t167
p45,t10
p45,t331
p45,t332
p45,t15
p45,t333
p45,t334
p45,t84
p45,t335
p45,u39
p46,t10
p46,t305
p46,t15
p46,t336
p46,u40
p47,t337
p47,t338
p47,t203
p47,t339
p47,t340
p47,t341
p47,t301
p47,t10
p47,t8
p47,u41
p48,t342
p48,t75
p48,t83
p48,t343
p48,t344
p48,t345
p48,t10
p48,t346
p48,u41
p49,t347
p49,t264
p49,t8
p49,t10
p49,t348
p49,u42
p50,t15
p50,t349
p50,t350
p50,t2
p50,t87
p50,t8
p50,t10
p50,t351
p50,t352
p50,t353
p50,t354
p50,u43
p51,t355
p51,t356
p51,t357
p51,t358
p51,t359
p51,t10
p51,t360
p51,t361
p51,t362
p51,t363
p51,t364
p51,t365
p51,t366
p51,t367
p51,t368
p51,t369
p51,t370
p51,u44
p52,t10
p52,t371
p52,t372
p52,t373
p52,t295
p52,u45
p53,t10
p53,t2
p53,t374
p53,u46
p54,t10
p54,t248
p54,t23
p54,t253
p54,t375
p54,t376
p54,t257
p54,t377
p54,t252
p54,t263
p54,t378
p54,t249
p54,u47
p55,t46
p55,t379
p55,t380
p55,t381
p55,t2
p55,t382
p55,t57
p55,t33
p55,t15
p55,t9
p55,t10
p55,t8
p55,t168
p55,t383
p55,u48
p56,t305
p56,t384
p56,u49
p57,t10
p57,t111
p57,t385
p57,t84
p57,t386
p57,t24
p57,t387
p57,t15
p57,u50
p58,t388
p58,t389
p58,t390
p58,t212
p58,t246
p58,t391
p58,t392
p58,t272
p58,t10
p58,t393
p58,t15
p58,t214
p58,u51
p59,t394
p59,t395
p59,t396
p59,t397
p59,t186
p59,t398
p59,t399
p59,t400
p59,t401
p59,t402
p59,t8
p59,t9
p59,t10
p59,t403
p59,t404
p59,t405
p59,t406
p59,u52
p60,t2
p60,t407
p60,t111
p60,t408
p60,t10
p60,t409
p60,t35
p60,u53
p61,t410
p61,t411
p61,t412
p61,t413
p61,t15
p61,t10
p61,u53
p62,t414
p62,t415
p62,t35
p62,t416
p62,t10
p62,t417
p62,u54
p63,t418
p63,t419
p63,t420
p63,t421
p63,t422
p63,t10
p63,t423
p63,t424
p63,t425
p63,u55
p64,t426
p64,t427
p64,t428
p64,t1
p64,t429
p64,t430
p64,t16
p64,t2
p64,t431
p64,t305
p64,t10
p64,t432
p64,t433
p64,t42
p64,u56
p65,t434
p65,t435
p65,t436
p65,u57
p66,t10
p66,t224
p66,t74
p66,t75
p66,t97
p66,t225
p66,t15
p66,t215
p66,t87
p66,t42
p66,u58
p67,t2
p67,t437
p67,t438
p67,t439
p67,t440
p67,t305
p67,u59
p68,t441
p68,t442
p68,t443
p68,t444
p68,t445
p68,t446
p68,t447
p68,t448
p68,t449
p68,t450
p68,t451
p68,t452
p68,t453
p68,t454
p68,t455
p68,t456
p68,t457
p68,t458
p68,t459
p68,t460
p68,u60
p69,t461
p69,t462
p69,t10
p69,t235
p69,t97
p69,t410
p69,t236
p69,t241
p69,t463
p69,t464
p69,t465
p69,t466
p69,t93
p69,t95
p69,u61
p70,t467
p70,t468
p70,t469
p70,t470
p70,t119
p70,t471
p70,t10
p70,t62
p70,t472
p70,t2
p70,t33
p70,t248
p70,t473
p70,u62
p71,t60
p71,t8
p71,t9
p71,t474
p71,t475
p71,t476
p71,t477
p71,t478
p71,t479
p71,t480
p71,t481
p71,t10
p71,t482
p71,t28
p71,t483
p71,u63
p72,t484
p72,t485
p72,t486
p72,t487
p72,t340
p72,t488
p72,t14
p72,t489
p72,t490
p72,t10
p72,t491
p72,t492
p72,t493
p72,t494
p72,t495
p72,u64
p73,t441
p73,t496
p73,t497
p73,t10
p73,t87
p73,t498
p73,t97
p73,t499
p73,t42
p73,u64
p74,t10
p74,t439
p74,t440
p74,t438
p74,t87
p74,t238
p74,t500
p74,u65
p75,t61
p75,t501
p75,t10
p75,t502
p75,t503
p75,t111
p75,t504
p75,t505
p75,t506
p75,t507
p75,t295
p75,t508
p75,t509
p75,t510
p75,t511
p75,t512
p75,t513
p75,t72
p75,t69
p75,t42
p75,u66
p76,t514
p76,t80
p76,t81
p76,t10
p76,t515
p76,u67
p77,t295
p77,t10
p77,t110
p77,t264
p77,u67
p78,t516
p78,t272
p78,t517
p78,t10
p78,t518
p78,t45
p78,t241
p78,u68
p79,t519
p79,t520
p79,t101
p79,t2
p79,t521
p79,t1
p79,t14
p79,t15
p79,t522
p79,t523
p79,t524
p79,t525
p79,t10
p79,t467
p79,t338
p79,t33
p79,t526
p79,t62
p79,t357
p79,u69
p80,t10
p80,t127
p80,t527
p80,t17
p80,t528
p80,t529
p80,u69
p81,t498
p81,t530
p81,t3
p81,t13
p81,t15
p81,t10
p81,t531
p81,u70
p82,t24
p82,t532
p82,t8
p82,t9
p82,t10
p82,t533
p82,u71
p83,t534
p83,t535
p83,t2
p83,t536
p83,t15
p83,t537
p83,t538
p83,t539
p83,t10
p83,u72
p84,t10
p84,t540
p84,t15
p84,t31
p84,t541
p84,t542
p84,t87
p84,t105
p84,t55
p84,u73
p85,t543
p85,t355
p85,t10
p85,u74
p86,t544
p86,t545
p86,t546
p86,t547
p86,t8
p86,t548
p86,t10
p86,t256
p86,t397
p86,t13
p86,t44
p86,t538
p86,t537
p86,t549
p86,t550
p86,t551
p86,t552
p86,t553
p86,t554
p86,t203
p86,u75
p87,t536
p87,t2
p87,t15
p87,t10
p87,t111
p87,u75
p88,t555
p88,u76
p89,t10
p89,t268
p89,t264
p89,t556
p89,t557
p89,t110
p89,t8
p89,t9
p89,t2
p89,t15
p89,u77
p90,t524
p90,t558
p90,t559
p90,t560
p90,t22
p90,t99
p90,t561
p90,t562
p90,t10
p90,u78
p91,t563
p91,t252
p91,t564
p91,t44
p91,t8
p91,t9
p91,t10
p91,t565
p91,t566
p91,t567
p91,t568
p91,t203
p91,t569
p91,t570
p91,t11
p91,t571
p91,u79
p92,t572
p92,t264
p92,t295
p92,t10
p92,t573
p92,t268
p92,t574
p92,u80
p93,t575
p93,t576
p93,t577
p93,t578
p93,t579
p93,t580
p93,t371
p93,t97
p93,t581
p93,t582
p93,t85
p93,u81
p94,t583
p94,t2
p94,t15
p94,t10
p94,t306
p94,t584
p94,t307
p94,t62
p94,t9
p94,t8
p94,t585
p94,t586
p94,t587
p94,t588
p94,t589
p94,t590
p94,u82
p95,t591
p95,t592
p95,t593
p95,t594
p95,t9
p95,t8
p95,t10
p95,t595
p95,t596
p95,t168
p95,t597
p95,u83
p96,t598
p96,t10
p96,t470
p96,t599
p96,t600
p96,t601
p96,t602
p96,t46
p96,u84
p97,t603
p97,t15
p97,t604
p97,t2
p97,t605
p97,t16
p97,t606
p97,t170
p97,t203
p97,t607
p97,t608
p97,t609
p97,t610
p97,t307
p97,t10
p97,t28
p97,t611
p97,t42
p97,t612
p97,t613
p97,u85
p98,t614
p98,t10
p98,t615
p98,t616
p98,u86
p99,t10
p99,t305
p99,t617
p99,t2
p99,t618
p99,u87
p100,t8
p100,t50
p100,t181
p100,t46
p100,t10
p100,t9
p100,t480
p100,t619
p100,t620
p100,t621
p100,t622
p100,t479
p100,t623
p100,t624
p100,t625
p100,t11
p100,t626
p100,t627
p100,t17
p100,t628
p100,u87
p101,t10
p101,t629
p101,t97
p101,t630
p101,t263
p101,t631
p101,t378
p101,t255
p101,t87
p101,t215
p101,t285
p101,t286
p101,t289
p101,t632
p101,t42
p101,u88
p102,t633
p102,t634
p102,t277
p102,t73
p102,t635
p102,t636
p102,t10
p102,t637
p102,t8
p102,t9
p102,t99
p102,t638
p102,t639
p102,t246
p102,t111
p102,t279
p102,t640
p102,t641
p102,t642
p102,t643
p102,u89
p103,t10
p103,t295
p103,t644
p103,t78
p103,t79
p103,t645
p103,t646
p103,t51
p103,u90
p104,t305
p104,t647
p104,u91
p105,t2
p105,t648
p105,t10
p105,u92
p106,t649
p106,t624
p106,t650
p106,t651
p106,t652
p106,t599
p106,t653
p106,t654
p106,t655
p106,t35
p106,t656
p106,t657
p106,t15
p106,t10
p106,t658
p106,t659
p106,t660
p106,t145
p106,u93
p107,t10
p107,t661
p107,t662
p107,u94
p108,t663
p108,t131
p108,t664
p108,t2
p108,t15
p108,t33
p108,t57
p108,t35
p108,t8
p108,t9
p108,t10
p108,t40
p108,t76
p108,t28
p108,u95
p109,t665
p109,t33
p109,t666
p109,t667
p109,t668
p109,t2
p109,t8
p109,t307
p109,t669
p109,t581
p109,u96
p110,t10
p110,t670
p110,t671
p110,t672
p110,t673
p110,u97
p111,t674
p111,t10
p111,t675
p111,t676
p111,t677
p111,t678
p111,t78
p111,u97
p112,t10
p112,t286
p112,t305
p112,t303
p112,t110
p112,t383
p112,t679
p112,t15
p112,t289
p112,t199
p112,u97
p113,t275
p113,t477
p113,t680
p113,t681
p113,t246
p113,t682
p113,t516
p113,t276
p113,t214
p113,t683
p113,t272
p113,t278
p113,t10
p113,t15
p113,t273
p113,t384
p113,t244
p113,t684
p113,t685
p113,t686
p113,u98
p114,t10
p114,t305
p114,t687
p114,t688
p114,t689
p114,t168
p114,u99
p115,t10
p115,t690
p115,t691
p115,u100
p116,t337
p116,t338
p116,t8
p116,t307
p116,t167
p116,t103
p116,t692
p116,t335
p116,t382
p116,t2
p116,t693
p116,t10
p116,t9
p116,t203
p116,u101
p117,t2
p117,t33
p117,t536
p117,t10
p117,t15
p117,t248
p117,u101
p118,t694
p118,t695
p118,t696
p118,t697
p118,t698
p118,t699
p118,t2
p118,t15
p118,t35
p118,t700
p118,t593
p118,t701
p118,t145
p118,t702
p118,t10
p118,t8
p118,t638
p118,t203
p118,u102
p119,t10
p119,t98
p119,t412
p119,t637
p119,t703
p119,t44
p119,t111
p119,t704
p119,t295
p119,t705
p119,t439
p119,t3
p119,t13
p119,t15
p119,u103
p120,t10
p120,t51
p120,t644
p120,t96
p120,t706
p120,t15
p120,u104
p121,t10
p121,t23
p121,t317
p121,t707
p121,t30
p121,t15
p121,t42
p121,u105
p122,t585
p122,t708
p122,t709
p122,t10
p122,t96
p122,t248
p122,t98
p122,t43
p122,t710
p122,t711
p122,t670
p122,t712
p122,t713
p122,t241
p122,t462
p122,u106
p123,t43
p123,t205
p123,t10
p123,t714
p123,t715
p123,u107
p124,t716
p124,t46
p124,t717
p124,t718
p124,t719
p124,t720
p124,t721
p124,t8
p124,t10
p124,t722
p124,t626
p124,t9
p124,t723
p124,u108
p125,t724
p125,t725
p125,t46
p125,t2
p125,t726
p125,t727
p125,t728
p125,t8
p125,t10
p125,t9
p125,u109
p126,t399
p126,t729
p126,t400
p126,t73
p126,t730
p126,t731
p126,t186
p126,t732
p126,t490
p126,t733
p126,t734
p126,t2
p126,t735
p126,t32
p126,t48
p126,t8
p126,t10
p126,t9
p126,t28
p126,u110
p127,t736
p127,t737
p127,t9
p127,t738
p127,t439
p127,t739
p127,t440
p127,t8
p127,t10
p127,t740
p127,t741
p127,u111
p128,t742
p128,t10
p128,t15
p128,t743
p128,t411
p128,t87
p128,u112
p129,t744
p129,t745
p129,t746
p129,t2
p129,t15
p129,t747
p129,t10
p129,t9
p129,t8
p129,t748
p129,t749
p129,t750
p129,t751
p129,t752
p129,t170
p129,t361
p129,u113
p130,t10
p130,t542
p130,t753
p130,t754
p130,t87
p130,u114
p131,t441
p131,t442
p131,t755
p131,t756
p131,t757
p131,t446
p131,t758
p131,t445
p131,t451
p131,t13
p131,t14
p131,t100
p131,t449
p131,t759
p131,t760
p131,t761
p131,t762
p131,t745
p131,t763
p131,t764
p131,u114
p132,t10
p132,t765
p132,t87
p132,t85
p132,t766
p132,t215
p132,t767
p132,t285
p132,u115
p133,t10
p133,t471
p133,t768
p133,t769
p133,t770
p133,u116
p134,t10
p134,t771
p134,u116
p135,t772
p135,t2
p135,t252
p135,t773
p135,t8
p135,t563
p135,t15
p135,t10
p135,t307
p135,t9
p135,t44
p135,t637
p135,t774
p135,u116
p136,t215
p136,t79
p136,t10
p136,t775
p136,t776
p136,t78
p136,t777
p136,t285
p136,t286
p136,u117
p137,t192
p137,t8
p137,t9
p137,t10
p137,t307
p137,t203
p137,t337
p137,t338
p137,t778
p137,t779
p137,t2
p137,t780
p137,t781
p137,t782
p137,t783
p137,t599
p137,t784
p137,t785
p137,u118
p138,t10
p138,t171
p138,t15
p138,t786
p138,t295
p138,t462
p138,u119
p139,t524
p139,t787
p139,t10
p139,t18
p139,t558
p139,t562
p139,u120
p140,t788
p140,t2
p140,t10
p140,t74
p140,u121
p141,t789
p141,t78
p141,t10
p141,t790
p141,t791
p141,t792
p141,t793
p141,t439
p141,t61
p141,t710
p141,t794
p141,u122
p142,t10
p142,t577
p142,t317
p142,t15
p142,t57
p142,t58
p142,t33
p142,t59
p142,t795
p142,t796
p142,t78
p142,t42
p142,u123
p143,t10
p143,t9
p143,t8
p143,t2
p143,t797
p143,u124
p144,t10
p144,t798
p144,t15
p144,t241
p144,t786
p144,t20
p144,u124
p145,t22
p145,t799
p145,t800
p145,t140
p145,t15
p145,t10
p145,t801
p145,u125
p146,t10
p146,t2
p146,t802
p146,t803
p146,t804
p146,t805
p146,t806
p146,t51
p146,t42
p146,t807
p146,u126
p147,t808
p147,t10
p147,t8
p147,t156
p147,t809
p147,t810
p147,t29
p147,t811
p147,t42
p147,u127
p148,t812
p148,t813
p148,t814
p148,t815
p148,t2
p148,t8
p148,t11
p148,t10
p148,u128
p149,t470
p149,t96
p149,t467
p149,t305
p149,u129
p150,t61
p150,t816
p150,t24
p150,t817
p150,t818
p150,t8
p150,t11
p150,t819
p150,t820
p150,t103
p150,t15
p150,t526
p150,t10
p150,t295
p150,u130
p151,t470
p151,t10
p151,t821
p151,t51
p151,t822
p151,u131
p152,t370
p152,t823
p152,t824
p152,t825
p152,t826
p152,t827
p152,t828
p152,t829
p152,t830
p152,t831
p152,t832
p152,t833
p152,t834
p152,t835
p152,t836
p152,t837
p152,t361
p152,t838
p152,t690
p152,t839
p152,u132
p153,t15
p153,t119
p153,t840
p153,t10
p153,t841
p153,t440
p153,t842
p153,t35
p153,t843
p153,t844
p153,t845
p153,t439
p153,t504
p153,u133
p154,t74
p154,t846
p154,t788
p154,t847
p154,t87
p154,t848
p154,t85
p154,t849
p154,t703
p154,t411
p154,t850
p154,t614
p154,t851
p154,t215
p154,u133
p155,t10
p155,t852
p155,t853
p155,t854
p155,t855
p155,t856
p155,t556
p155,u134
p156,t101
p156,t857
p156,t858
p156,t859
p156,t860
p156,t861
p156,t186
p156,t10
p156,u135
p157,t10
p157,t862
p157,u136
p158,t57
p158,t863
p158,t9
p158,t8
p158,t10
p158,t342
p158,t864
p158,t865
p158,t866
p158,u137
p159,t867
p159,t10
p159,u138
p160,t868
p160,t869
p160,t870
p160,t871
p160,t180
p160,t872
p160,t10
p160,t873
p160,t181
p160,t874
p160,t875
p160,t876
p160,u139
p161,t80
p161,t877
p161,t878
p161,t879
p161,t880
p161,t10
p161,t241
p161,t881
p161,t882
p161,t883
p161,t884
p161,t885
p161,t101
p161,t886
p161,t887
p161,t9
p161,t2
p161,t33
p161,t888
p161,t889
p161,u140
p162,t890
p162,t2
p162,t10
p162,u141
p163,t570
p163,t207
p163,t2
p163,t891
p163,t306
p163,t892
p163,t8
p163,t10
p163,t317
p163,t30
p163,t281
p163,t893
p163,t305
p163,t43
p163,u142
p164,t439
p164,t844
p164,t894
p164,t10
p164,t440
p164,u142
p165,t895
p165,t10
p165,t896
p165,t111
p165,t897
p165,t458
p165,u142
p166,t898
p166,t10
p166,t8
p166,t305
p166,t899
p166,t548
p166,t9
p166,t35
p166,t585
p166,u143
p167,t10
p167,t818
p167,t295
p167,t900
p167,t272
p167,t392
p167,t192
p167,t87
p167,t901
p167,t215
p167,t285
p167,t286
p167,t902
p167,u144
p168,t10
p168,t15
p168,t78
p168,t248
p168,t84
p168,t412
p168,t331
p168,t105
p168,t903
p168,t904
p168,t238
p168,t905
p168,t205
p168,t43
p168,t44
p168,t17
p168,t77
p168,t96
p168,t111
p168,t42
p168,u145
p169,t906
p169,t2
p169,t10
p169,t168
p169,t291
p169,t907
p169,t85
p169,t908
p169,t15
p169,t909
p169,t910
p169,t139
p169,t911
p169,u146
p170,t370
p170,t305
p170,t382
p170,t808
p170,t367
p170,t2
p170,u147
p171,t10
p171,t78
p171,t912
p171,t913
p171,t914
p171,t93
p171,t95
p171,t915
p171,u148
p172,t43
p172,t916
p172,t10
p172,t714
p172,u149
p173,t10
p173,t874
p173,t15
p173,t917
p173,t2
p173,t918
p173,u150
p174,t2
p174,t307
p174,t10
p174,t57
p174,t46
p174,t919
p174,t719
p174,t920
p174,t379
p174,t203
p174,u151
p175,t10
p175,t110
p175,t921
p175,t922
p175,t87
p175,u151
p176,t248
p176,t79
p176,t923
p176,t10
p176,t87
p176,t215
p176,t78
p176,t848
p176,t81
p176,t80
p176,t924
p176,t82
p176,t925
p176,t926
p176,t245
p176,t58
p176,u152
p177,t295
p177,t10
p177,t264
p177,t110
p177,t297
p177,u152
p178,t927
p178,t928
p178,t264
p178,t10
p178,u153
p179,t10
p179,t305
p179,t167
p179,t145
p179,t35
p179,t248
p179,t904
p179,t791
p179,t78
p179,t15
p179,t929
p179,t930
p179,t661
p179,t931
p179,t932
p179,t87
p179,t702
p179,t933
p179,t103
p179,t335
p179,u154
p180,t96
p180,t934
p180,t82
p180,t935
p180,t305
p180,u155
p181,t936
p181,t548
p181,t899
p181,t10
p181,t8
p181,t9
p181,t585
p181,u155
p182,t272
p182,t78
p182,t517
p182,t384
p182,t599
p182,t937
p182,t938
p182,t15
p182,t939
p182,t940
p182,t10
p182,t941
p182,t942
p182,u156
p183,t943
p183,t10
p183,t944
p183,t61
p183,t501
p183,t15
p183,t945
p183,u157
p184,t10
p184,t190
p184,t528
p184,t946
p184,u158
p185,t947
p185,t10
p185,t253
p185,t948
p185,t949
p185,t647
p185,t950
p185,t261
p185,t951
p185,t952
p185,t953
p185,t954
p185,u159
p186,t108
p186,t10
p186,t101
p186,u159
p187,t10
p187,t661
p187,t662
p187,u159
p188,t955
p188,t10
p188,t15
p188,t46
p188,t97
p188,t242
p188,t30
p188,t239
p188,t243
p188,t238
p188,t370
p188,t956
p188,u160
p189,t10
p189,t957
p189,t958
p189,u161
p190,t10
p190,t959
p190,t960
p190,t961
p190,t87
p190,t215
p190,u161
p191,t2
p191,t75
p191,t225
p191,t68
p191,t306
p191,t8
p191,t29
p191,t10
p191,t216
p191,t217
p191,u162
p192,t216
p192,t217
p192,t707
p192,t962
p192,t45
p192,t8
p192,t10
p192,t97
p192,t963
p192,t964
p192,t965
p192,t514
p192,t248
p192,t966
p192,t967
p192,t9
p192,t79
p192,t236
p192,t235
p192,t968
p192,u163
p193,t2
p193,t969
p193,t970
p193,t971
p193,t10
p193,u164
p194,t10
p194,t384
p194,t972
p194,u164
p195,t853
p195,t852
p195,t855
p195,t973
p195,t974
p195,t2
p195,t15
p195,t650
p195,t975
p195,t976
p195,t977
p195,t43
p195,t10
p195,t35
p195,t978
p195,t979
p195,t61
p195,t45
p195,t623
p195,t980
p195,u164
p196,t98
p196,t10
p196,t44
p196,t3
p196,t13
p196,t78
p196,u164
p197,t10
p197,t585
p197,t709
p197,t96
p197,t248
p197,t981
p197,t711
p197,t43
p197,t247
p197,t982
p197,t710
p197,u165
p198,t101
p198,t2
p198,t983
p198,t984
p198,t985
p198,t986
p198,t987
p198,t988
p198,t10
p198,t989
p198,t990
p198,t42
p198,u166
p199,t10
p199,t127
p199,t991
p199,u167
p200,t10
p200,t15
p200,t992
p200,t78
p200,t248
p200,t84
p200,t412
p200,t903
p200,t904
p200,t905
p200,t238
p200,t43
p200,t96
p200,u167
p201,t525
p201,t10
p201,t15
p201,u168
p202,t10
p202,t993
p202,t647
p202,t994
p202,t995
p202,u168
p203,t383
p203,t592
p203,t996
p203,t997
p203,t998
p203,t57
p203,t33
p203,t9
p203,t168
p203,t8
p203,t10
p203,t999
p203,u169
p204,t898
p204,t1000
p204,t946
p204,t791
p204,t10
p204,t1001
p204,t17
p204,t1002
p204,t1003
p204,t1004
p204,t782
p204,t1005
p204,t1006
p204,t602
p204,t990
p204,t1007
p204,t812
p204,t1008
p204,t712
p204,t1009
p204,u170
p205,t1010
p205,t1011
p205,t1012
p205,t399
p205,t1013
p205,t1014
p205,t1015
p205,t667
p205,t111
p205,t10
p205,t339
p205,t1016
p205,t1017
p205,t407
p205,t861
p205,t1018
p205,t1019
p205,t35
p205,u171
p206,t222
p206,t10
p206,u172
p207,t1020
p207,t6
p207,t1021
p207,t87
p207,t10
p207,t285
p207,t632
p207,u173
p208,t15
p208,t87
p208,t82
p208,t249
p208,t1022
p208,t305
p208,t2
p208,u174
p209,t1023
p209,t111
p209,t15
p209,t637
p209,t10
p209,u175
p210,t10
p210,t25
p210,t1024
p210,t1025
p210,t1026
p210,t1027
p210,t237
p210,t577
p210,u176
p211,t1028
p211,t641
p211,t10
p211,t1029
p211,t1030
p211,u177
p212,t572
p212,t273
p212,t244
p212,t1031
p212,t195
p212,t1032
p212,t1033
p212,t1034
p212,t61
p212,t103
p212,t1035
p212,t812
p212,t1036
p212,t1037
p212,t1038
p212,t1039
p212,t279
p212,t1040
p212,t106
p212,t1041
p212,u178
p213,t1042
p213,t1043
p213,t24
p213,t1044
p213,t1045
p213,t35
p213,t1046
p213,t1047
p213,t10
p213,t462
p213,u179
p214,t10
p214,t285
p214,t87
p214,t215
p214,t648
p214,t46
p214,t1048
p214,t1049
p214,t1050
p214,t15
p214,t1051
p214,t2
p214,t892
p214,t766
p214,t1052
p214,t504
p214,u180
p215,t167
p215,t15
p215,t1053
p215,t1054
p215,t168
p215,t10
p215,t80
p215,t300
p215,t16
p215,u181
p216,t33
p216,t478
p216,t1055
p216,t1056
p216,t26
p216,t8
p216,t15
p216,t20
p216,t1057
p216,t481
p216,t476
p216,t503
p216,t1058
p216,t9
p216,t10
p216,t28
p216,u181
p217,t248
p217,t10
p217,t1059
p217,t1060
p217,t281
p217,u182
p218,t1061
p218,t1062
p218,t1063
p218,t8
p218,t10
p218,t1064
p218,t1065
p218,t156
p218,t809
p218,t42
p218,u183
p219,t2
p219,t15
p219,t1066
p219,t168
p219,t922
p219,u183
p220,t679
p220,t10
p220,t383
p220,t1067
p220,t1068
p220,t110
p220,t78
p220,t97
p220,t1069
p220,t581
p220,t1070
p220,t379
p220,t920
p220,t1071
p220,t1072
p220,t1073
p220,t1074
p220,t1075
p220,t15
p220,u184
p221,t1076
p221,t378
p221,t1077
p221,t1078
p221,t1079
p221,t8
p221,t10
p221,t1080
p221,t750
p221,t9
p221,t28
p221,t1081
p221,u184
p222,t10
p222,t1082
p222,t1083
p222,t1084
p222,u185
p223,t10
p223,t87
p223,t768
p223,t705
p223,t471
p223,t1085
p223,t1086
p223,t1087
p223,t1088
p223,t1089
p223,t1090
p223,t1091
p223,t1092
p223,t1093
p223,t238
p223,t215
p223,t285
p223,t1094
p223,t42
p223,u185
p224,t9
p224,t15
p224,t1095
p224,t111
p224,t1096
p224,t245
p224,t1097
p224,t384
p224,t791
p224,t1098
p224,t8
p224,u186
p225,t10
p225,t51
p225,t15
p225,t82
p225,t84
p225,t91
p225,t1099
p225,u187
p226,t331
p226,t104
p226,t840
p226,t10
p226,t87
p226,t8
p226,t1100
p226,t532
p226,t1101
p226,t437
p226,t935
p226,t525
p226,t1102
p226,t1103
p226,u188
p227,t1104
p227,t1105
p227,t690
p227,t305
p227,t2
p227,t1106
p227,t1107
p227,t1108
p227,t1109
p227,t10
p227,t503
p227,t1110
p227,t1111
p227,t1112
p227,t538
p227,t1113
p227,t1114
p227,t1115
p227,t1116
p227,t382
p227,u189
p228,t10
p228,t78
p228,t24
p228,t1117
p228,t178
p228,t1118
p228,t1119
p228,t479
p228,t1120
p228,t1121
p228,t1122
p228,t150
p228,t1123
p228,t1124
p228,t242
p228,t95
p228,t1125
p228,t218
p228,t956
p228,t794
p228,u190
p229,t46
p229,t515
p229,t1126
p229,u190
p230,t10
p230,t295
p230,t110
p230,u191
p231,t1127
p231,t337
p231,t10
p231,t2
p231,t15
p231,t843
p231,t119
p231,t841
p231,t439
p231,t740
p231,t440
p231,u192
p232,t1128
p232,t1035
p232,t853
p232,t1129
p232,t10
p232,t1130
p232,t855
p232,t852
p232,t973
p232,u193
p233,t1131
p233,t1132
p233,t1133
p233,t1134
p233,t10
p233,t35
p233,u194
p234,t10
p234,t87
p234,t1135
p234,t85
p234,t238
p234,u195
p235,t1136
p235,t1137
p235,t264
p235,t1138
p235,t103
p235,t1139
p235,t1140
p235,t1141
p235,t1142
p235,t15
p235,t215
p235,t108
p235,t1143
p235,t1144
p235,t654
p235,t102
p235,t411
p235,t1145
p235,t12
p235,t24
p235,u196
p236,t1146
p236,t118
p236,t1147
p236,t10
p236,t1148
p236,t57
p236,t1149
p236,t137
p236,u197
p237,t10
p237,t46
p237,u198
p238,t538
p238,t1150
p238,t1151
p238,t1152
p238,t1153
p238,t535
p238,t10
p238,t111
p238,u199
p239,t1154
p239,t1155
p239,t167
p239,t1156
p239,t1157
p239,t10
p239,u200
p240,t1158
p240,t10
p240,t1159
p240,t644
p240,t1160
p240,t1011
p240,u201
p241,t40
p241,t2
p241,t305
p241,t538
p241,t1161
p241,t8
p241,t10
p241,t105
p241,t1162
p241,t46
p241,u202
p242,t1163
p242,t1164
p242,t44
p242,t8
p242,t10
p242,u203
p243,t8
p243,t264
p243,t62
p243,t670
p243,t585
p243,t382
p243,t15
p243,t10
p243,t96
p243,t1165
p243,t9
p243,t571
p243,u204
p244,t10
p244,t215
p244,t818
p244,t900
p244,t96
p244,t15
p244,t197
p244,t1103
p244,t1166
p244,t295
p244,t703
p244,t1167
p244,t1168
p244,u205
p245,t10
p245,t219
p245,t15
p245,t16
p245,t874
p245,t1169
p245,t1170
p245,t238
p245,t1171
p245,t918
p245,t1172
p245,t1173
p245,t1174
p245,t1175
p245,t1176
p245,t1177
p245,t1178
p245,t1179
p245,t1180
p245,u206
p246,t1181
p246,t10
p246,t1182
p246,t1183
p246,u207
p247,t10
p247,t890
p247,t1184
p247,t1185
p247,t1186
p247,t1187
p247,u208
p248,t305
p248,t1188
p248,t2
p248,u209
p249,t1189
p249,t1190
p249,t10
p249,t1191
p249,t87
p249,t215
p249,t1192
p249,t248
p249,t1193
p249,t1194
p249,u210
p250,t50
p250,t124
p250,t40
p250,t1195
p250,t1196
p250,t2
p250,t766
p250,t1197
p250,t131
p250,t1198
p250,t45
p250,t10
p250,t8
p250,t393
p250,t73
p250,t1199
p250,t203
p250,t565
p250,u211
p251,t1200
p251,t1201
p251,t564
p251,t1202
p251,t9
p251,t1203
p251,t1204
p251,t1205
p251,t1206
p251,t1163
p251,t1207
p251,t1208
p251,t15
p251,t2
p251,t8
p251,t10
p251,t566
p251,u212
p252,t1154
p252,t1209
p252,t286
p252,t79
p252,t1157
p252,t81
p252,t1145
p252,u213
p253,t1210
p253,t630
p253,t10
p253,t97
p253,t667
p253,u214
p254,t61
p254,t596
p254,t1211
p254,t816
p254,t8
p254,t9
p254,t10
p254,t559
p254,t1212
p254,t15
p254,t1213
p254,t42
p254,t1214
p254,t1215
p254,u215
p255,t318
p255,t1216
p255,t30
p255,t10
p255,t11
p255,u216
p256,t10
p256,t87
p256,t215
p256,t1217
p256,t1203
p256,t1218
p256,t1219
p256,u217
p257,t10
p257,t15
p257,u218
p258,t1220
p258,t1221
p258,t382
p258,t1222
p258,t1223
p258,t2
p258,u219
p259,t1224
p259,t1225
p259,t1226
p259,t1227
p259,t10
p259,t35
p259,t1228
p259,t1229
p259,t1230
p259,u220
p260,t1198
p260,t596
p260,t16
p260,t24
p260,t9
p260,t8
p260,t167
p260,t1156
p260,t17
p260,t1231
p260,t73
p260,t57
p260,t10
p260,t22
p260,t935
p260,t1232
p260,t1133
p260,t103
p260,t1233
p260,t1234
p260,u221
p261,t1235
p261,t2
p261,t215
p261,t10
p261,t1236
p261,t188
p261,u222
p262,t1237
p262,t1238
p262,t1239
p262,t1240
p262,t1241
p262,t1242
p262,t1243
p262,t1244
p262,t1245
p262,t1246
p262,t1247
p262,t1248
p262,t1249
p262,t1250
p262,t421
p262,u223
p263,t87
p263,t1251
p263,t1252
p263,t1253
p263,t10
p263,t1254
p263,t1255
p263,t1256
p263,t215
p263,t285
p263,t1257
p263,t1258
p263,t1259
p263,t1260
p263,t1261
p263,t1262
p263,t1263
p263,u224
p264,t10
p264,t1264
p264,t1265
p264,t1266
p264,t1267
p264,t1268
p264,t78
p264,u225
p265,t599
p265,t10
p265,t1269
p265,t1041
p265,t1270
p265,t1271
p265,t1272
p265,u226
p266,t10
p266,t295
p266,t248
p266,t84
p266,t78
p266,t15
p266,t1273
p266,t1274
p266,t264
p266,t1275
p266,u226
p267,t15
p267,t1276
p267,t10
p267,t35
p267,t1277
p267,t1278
p267,u227
p268,t690
p268,t305
p268,t248
p268,u227
p269,t1279
p269,t1280
p269,t441
p269,t498
p269,t10
p269,t87
p269,t1281
p269,t1282
p269,u227
p270,t10
p270,t238
p270,t63
p270,t1283
p270,t1284
p270,t1285
p270,t1286
p270,t1287
p270,t1288
p270,t1289
p270,t1290
p270,t1291
p270,u228
p271,t10
p271,t644
p271,t81
p271,t1292
p271,t514
p271,t89
p271,t83
p271,t712
p271,t1293
p271,t51
p271,u229
p272,t10
p272,t87
p272,t1145
p272,t298
p272,t1294
p272,t1295
p272,t1296
p272,t110
p272,t1297
p272,t1298
p272,t119
p272,t1299
p272,t1300
p272,t1301
p272,t1302
p272,t848
p272,t515
p272,t15
p272,t1051
p272,t1303
p272,u230
p273,t1304
p273,t10
p273,t1305
p273,t1306
p273,t2
p273,t364
p273,u231
p274,t30
p274,t1307
p274,t281
p274,t307
p274,t11
p274,t9
p274,t10
p274,t235
p274,t786
p274,t1308
p274,t96
p274,u232
p275,t1309
p275,t10
p275,t1310
p275,t604
p275,t940
p275,t1031
p275,t1311
p275,t1312
p275,t820
p275,t1313
p275,t1314
p275,t282
p275,u233
p276,t1278
p276,t9
p276,t1315
p276,t1316
p276,t203
p276,t1161
p276,t571
p276,t1317
p276,t2
p276,t1318
p276,u234
p277,t467
p277,t1319
p277,t1320
p277,t10
p277,t1145
p277,t2
p277,t624
p277,t80
p277,t79
p277,t42
p277,u235
p278,t1321
p278,t1322
p278,t1323
p278,t1324
p278,t1325
p278,t1326
p278,t1327
p278,t1328
p278,t15
p278,t119
p278,t1329
p278,t1330
p278,t50
p278,t10
p278,t9
p278,t8
p278,t33
p278,t2
p278,t57
p278,t1331
p278,u236
p279,t10
p279,t235
p279,t236
p279,t240
p279,t1332
p279,t97
p279,t15
p279,t46
p279,t237
p279,t238
p279,t239
p279,t43
p279,t241
p279,t1333
p279,t1334
p279,t1335
p279,t44
p279,t1336
p279,t1337
p279,u236
p280,t641
p280,t272
p280,t941
p280,t1338
p280,t1309
p280,t1031
p280,t1313
p280,t86
p280,t1339
p280,t1340
p280,t1341
p280,t10
p280,t80
p280,t1342
p280,t25
p280,t300
p280,u237
p281,t110
p281,t10
p281,t8
p281,t268
p281,t2
p281,u237
p282,t10
p282,t498
p282,t1184
p282,t1343
p282,u238
p283,t87
p283,t160
p283,t1344
p283,u239
p284,t10
p284,t646
p284,u240
p285,t2
p285,t119
p285,t168
p285,t145
p285,t167
p285,t661
p285,t1345
p285,t1346
p285,t1347
p285,t525
p285,t932
p285,t515
p285,t35
p285,t1348
p285,t1349
p285,t131
p285,t22
p285,t151
p285,t152
p285,t1156
p285,u241
p286,t87
p286,t1350
p286,t181
p286,t184
p286,t1351
p286,t215
p286,t285
p286,t286
p286,t180
p286,t1352
p286,u242
p287,t150
p287,t10
p287,u243
p288,t305
p288,t2
p288,t1353
p288,t1354
p288,t10
p288,u244
p289,t10
p289,t1355
p289,t1356
p289,t1357
p289,u244
p290,t278
p290,t10
p290,t941
p290,t1313
p290,t1309
p290,t1031
p290,t600
p290,t1358
p290,t282
p290,t940
p290,t272
p290,t1311
p290,t15
p290,u244
p291,t10
p291,t1359
p291,t258
p291,u245
p292,t2
p292,t1360
p292,t167
p292,t338
p292,t1361
p292,t105
p292,t1362
p292,t168
p292,t10
p292,t9
p292,t1363
p292,t935
p292,t15
p292,t24
p292,t1364
p292,t1365
p292,u246
p293,t10
p293,t1366
p293,t1367
p293,t1368
p293,t35
p293,t1369
p293,u247
p294,t10
p294,t818
p294,t78
p294,t412
p294,t1167
p294,t1370
p294,t782
p294,t900
p294,t295
p294,t1371
p294,t58
p294,t646
p294,t1372
p294,t1373
p294,t439
p294,t780
p294,t703
p294,t24
p294,t2
p294,t15
p294,u248
p295,t256
p295,t158
p295,t10
p295,u249
p296,t1374
p296,t378
p296,t1375
p296,t1376
p296,t305
p296,t1377
p296,t255
p296,u250
p297,t10
p297,t918
p297,t15
p297,t766
p297,u251
p298,t10
p298,t1378
p298,t710
p298,u252
p299,t10
p299,t342
p299,t1379
p299,t1380
p299,t1381
p299,u253
p300,t1382
p300,t1383
p300,t87
p300,t10
p300,t812
p300,t1384
p300,t1385
p300,t1386
p300,t15
p300,t1387
p300,t1388
p300,t215
p300,t898
p300,u254
p301,t1389
p301,t87
p301,t10
p301,t848
p301,t1390
p301,t186
p301,t97
p301,u255
p302,t605
p302,t10
p302,u256
p303,t1391
p303,t10
p303,t1392
p303,t1393
p303,t1394
p303,t238
p303,t1395
p303,t1396
p303,t1397
p303,u257
p304,t72
p304,t118
p304,t1315
p304,t813
p304,t117
p304,t113
p304,t1398
p304,t10
p304,t1399
p304,t121
p304,t116
p304,u257
p305,t10
p305,t205
p305,t43
p305,t104
p305,t1102
p305,t84
p305,t1103
p305,t197
p305,u258
p306,t111
p306,t1400
p306,t428
p306,t1401
p306,t1402
p306,t2
p306,t15
p306,t1403
p306,t10
p306,t1404
p306,u259
p307,t10
p307,t958
p307,t1405
p307,t8
p307,t9
p307,t236
p307,t235
p307,u260
p308,t264
p308,t295
p308,t8
p308,t10
p308,t768
p308,t1406
p308,t471
p308,t11
p308,u260
p309,t24
p309,t904
p309,t1167
p309,t1407
p309,t533
p309,u261
p310,t1408
p310,t1409
p310,t940
p310,t1410
p310,t1411
p310,t1412
p310,t1413
p310,t1414
p310,t1415
p310,t1416
p310,t1417
p310,u262
p311,t10
p311,t15
p311,t275
p311,u263
p312,t305
p312,u263
p313,t10
p313,t2
p313,t15
p313,t110
p313,t295
p313,t432
p313,u264
p314,t390
p314,t389
p314,t212
p314,t105
p314,t15
p314,t2
p314,t35
p314,t10
p314,t1418
p314,u265
p315,t888
p315,t87
p315,t10
p315,t101
p315,t1419
p315,t46
p315,t389
p315,t390
p315,t661
p315,t1420
p315,u266
p316,t127
p316,t1421
p316,t1422
p316,t1423
p316,t10
p316,u266
p317,t10
p317,t30
p317,t46
p317,t97
p317,t239
p317,t1424
p317,t1425
p317,t42
p317,u267
p318,t10
p318,t2
p318,u268
p319,t97
p319,t461
p319,t10
p319,t241
p319,t1426
p319,t514
p319,t1427
p319,t1428
p319,t1429
p319,t1430
p319,t1431
p319,u268
p320,t1432
p320,t526
p320,t10
p320,u269
p321,t10
p321,t617
p321,t121
p321,t110
p321,t17
p321,t946
p321,t2
p321,t15
p321,u270
p322,t10
p322,t25
p322,t1433
p322,t97
p322,t1434
p322,t32
p322,u271
p323,t3
p323,t1435
p323,t10
p323,t305
p323,t103
p323,t118
p323,t1232
p323,t73
p323,t1436
p323,t12
p323,t470
p323,t1437
p323,t216
p323,t217
p323,u272
p324,t10
p324,t141
p324,t22
p324,t1438
p324,t1439
p324,t808
p324,t1025
p324,t918
p324,t1440
p324,t1441
p324,t1442
p324,t46
p324,t131
p324,t150
p324,t1443
p324,t1444
p324,t1445
p324,u273
p325,t525
p325,t1446
p325,t2
p325,t1447
p325,t1448
p325,t384
p325,t1195
p325,t10
p325,t8
p325,t9
p325,u274
p326,t10
p326,t808
p326,t1025
p326,t378
p326,t158
p326,t1449
p326,t958
p326,t57
p326,t1450
p326,t260
p326,t1050
p326,t1451
p326,t766
p326,t42
p326,u274
p327,t657
p327,t31
p327,t35
p327,t10
p327,t1452
p327,t15
p327,t656
p327,u275
p328,t1453
p328,t1454
p328,t1236
p328,t1455
p328,t1456
p328,t15
p328,t8
p328,t9
p328,t10
p328,t28
p328,t42
p328,t612
p328,u276
p329,t1446
p329,t2
p329,t305
p329,u277
p330,t305
p330,u278
p331,t1052
p331,t1457
p331,u279
p332,t1031
p332,t10
p332,t282
p332,u280
p333,t2
p333,t40
p333,t1458
p333,t1459
p333,t1460
p333,t9
p333,t8
p333,t10
p333,t1461
p333,t960
p333,t1462
p333,t35
p333,t24
p333,t15
p333,t1463
p333,t11
p333,t1464
p333,t1465
p333,t1234
p333,t17
p333,u281
p334,t10
p334,t764
p334,t1466
p334,t15
p334,t458
p334,t1467
p334,u281
p335,t290
p335,t442
p335,t755
p335,t756
p335,t446
p335,t447
p335,t457
p335,t454
p335,t441
p335,t444
p335,t445
p335,t1468
p335,t451
p335,t3
p335,t761
p335,t456
p335,t745
p335,t453
p335,t1469
p335,t1470
p335,u281
p336,t1471
p336,t1472
p336,t436
p336,t1473
p336,t1
p336,t1225
p336,t654
p336,t10
p336,t43
p336,t1474
p336,u282
p337,t10
p337,t215
p337,t1141
p337,t295
p337,t1142
p337,t79
p337,t247
p337,t1475
p337,t1276
p337,t1476
p337,t17
p337,u282
p338,t786
p338,t10
p338,t1477
p338,t57
p338,t171
p338,t1478
p338,t1479
p338,t712
p338,u282
p339,t1480
p339,t2
p339,t1481
p339,t1232
p339,t1482
p339,t1483
p339,u283
p340,t10
p340,t1484
p340,t118
p340,t1485
p340,u283
p341,t1486
p341,t307
p341,t203
p341,t48
p341,t10
p341,t170
p341,t1487
p341,t1488
p341,u284
p342,t1489
p342,t1490
p342,t1491
p342,t1492
p342,t10
p342,u285
p343,t10
p343,t1493
p343,t96
p343,t238
p343,t1136
p343,t282
p343,t15
p343,t97
p343,t192
p343,t1494
p343,t1495
p343,t632
p343,t1496
p343,t1497
p343,t1133
p343,t1498
p343,t698
p343,t1499
p343,t1160
p343,u286
p344,t1500
p344,t1501
p344,t422
p344,t10
p344,t1502
p344,t1503
p344,t1
p344,t103
p344,t1504
p344,u287
p345,t10
p345,t87
p345,t51
p345,t1505
p345,t215
p345,t285
p345,u288
p346,t1506
p346,t1507
p346,t852
p346,t1508
p346,t1509
p346,t1510
p346,t10
p346,t118
p346,t1511
p346,t17
p346,t190
p346,t286
p346,t439
p346,t289
p346,t1512
p346,t1217
p346,t1513
p346,t93
p346,t95
p346,u289
p347,t1514
p347,t1515
p347,t594
p347,t10
p347,t599
p347,u290
p348,t712
p348,t10
p348,t1245
p348,t1516
p348,t77
p348,t105
p348,u290
p349,t264
p349,t15
p349,t702
p349,t87
p349,t78
p349,t703
p349,u291
p350,t1517
p350,t51
p350,t1518
p350,t1519
p350,t10
p350,t934
p350,t8
p350,t1520
p350,t1521
p350,t1522
p350,t1523
p350,t1524
p350,t644
p350,t1525
p350,t559
p350,u292
p351,t1526
p351,t1527
p351,t35
p351,t10
p351,t1528
p351,t1529
p351,t1530
p351,t1531
p351,t1532
p351,t1533
p351,t1534
p351,t1535
p351,t1536
p351,t1537
p351,t82
p351,t1538
p351,t1539
p351,t1540
p351,u293
p352,t277
p352,t272
p352,t214
p352,t45
p352,t244
p352,t1541
p352,t276
p352,t1542
p352,t10
p352,u294
p353,t1543
p353,t1544
p353,t46
p353,t719
p353,t1545
p353,t1546
p353,t1547
p353,t1548
p353,t1549
p353,t1550
p353,t1133
p353,t8
p353,t10
p353,t559
p353,t1236
p353,t1551
p353,t1552
p353,t1216
p353,t1553
p353,t42
p353,u295
p354,t10
p354,t1507
p354,t118
p354,t852
p354,t87
p354,t215
p354,t97
p354,t1511
p354,t2
p354,t15
p354,u296
p355,t441
p355,t442
p355,t445
p355,t444
p355,t1468
p355,t12
p355,t451
p355,t447
p355,t755
p355,t446
p355,t756
p355,t1554
p355,t1555
p355,t456
p355,t454
p355,t457
p355,t458
p355,t763
p355,t448
p355,t450
p355,u296
p356,t848
p356,t87
p356,t1556
p356,t253
p356,t777
p356,t1557
p356,u297
p357,t1082
p357,t690
p357,t253
p357,t375
p357,t953
p357,t43
p357,t1558
p357,t10
p357,t87
p357,t215
p357,t1559
p357,t23
p357,t1560
p357,u298
p358,t1561
p358,t1562
p358,t941
p358,t1563
p358,t10
p358,t1272
p358,t103
p358,t106
p358,t8
p358,t15
p358,t1564
p358,t102
p358,t1041
p358,t338
p358,t1565
p358,t1566
p358,t1567
p358,t1568
p358,t1569
p358,t1570
p358,u299
p359,t10
p359,t15
p359,t1571
p359,t1572
p359,t33
p359,t736
p359,t737
p359,u299
p360,t10
p360,t33
p360,t160
p360,t2
p360,t248
p360,t1573
p360,u300
p361,t10
p361,t818
p361,t1574
p361,t1575
p361,t658
p361,t710
p361,t782
p361,t618
p361,t24
p361,t192
p361,t440
p361,u301
p362,t10
p362,t154
p362,t165
p362,t158
p362,t256
p362,t155
p362,t316
p362,u301
p363,t238
p363,t1217
p363,t10
p363,t87
p363,t223
p363,t42
p363,u301
p364,t171
p364,t10
p364,t8
p364,t172
p364,t150
p364,t139
p364,u301
p365,t1576
p365,t10
p365,t808
p365,t954
p365,t78
p365,t644
p365,t949
p365,t286
p365,u302
p366,t1577
p366,t51
p366,t10
p366,t96
p366,t1578
p366,u303
p367,t641
p367,t1145
p367,t45
p367,t10
p367,t130
p367,t1300
p367,t515
p367,t119
p367,t1579
p367,t1580
p367,t1581
p367,t1582
p367,t653
p367,t107
p367,t1583
p367,t282
p367,t1358
p367,t654
p367,t1584
p367,u304
p368,t335
p368,t1585
p368,t1586
p368,t10
p368,t8
p368,t203
p368,t383
p368,t1587
p368,t920
p368,t1588
p368,u305
p369,t10
p369,t1589
p369,t1590
p369,t1591
p369,t952
p369,t690
p369,t949
p369,t647
p369,t253
p369,t261
p369,u306
p370,t574
p370,t96
p370,t10
p370,t171
p370,t58
p370,t657
p370,t139
p370,t1592
p370,t1309
p370,t1593
p370,t661
p370,t720
p370,u307
p371,t8
p371,t307
p371,t10
p371,t1594
p371,u308
p372,t10
p372,t935
p372,t1167
p372,u309
p373,t1595
p373,t305
p373,t2
p373,t935
p373,t1596
p373,u310
p374,t10
p374,t1597
p374,t179
p374,t181
p374,t184
p374,t180
p374,t872
p374,u311
p375,t10
p375,t159
p375,t1598
p375,t15
p375,t577
p375,t1599
p375,t1600
p375,t1601
p375,t1602
p375,u311
p376,t1603
p376,t10
p376,t25
p376,t23
p376,t290
p376,t286
p376,t1004
p376,t782
p376,t289
p376,t632
p376,u312
p377,t10
p377,t585
p377,t1604
p377,t1605
p377,t298
p377,u312
p378,t87
p378,t982
p378,t111
p378,t215
p378,t79
p378,t10
p378,t285
p378,t286
p378,t289
p378,t632
p378,t218
p378,t96
p378,t91
p378,u313
p379,t10
p379,t1606
p379,t1607
p379,t1608
p379,u314
p380,t657
p380,t1609
p380,t10
p380,t15
p380,t35
p380,t245
p380,t791
p380,t840
p380,t1361
p380,t1610
p380,t1611
p380,u315
p381,t295
p381,t1612
p381,t1478
p381,t1141
p381,t1142
p381,t10
p381,t1613
p381,t171
p381,t1614
p381,t1615
p381,t794
p381,u316
p382,t10
p382,t215
p382,t78
p382,t703
p382,t1616
p382,t118
p382,t1617
p382,t946
p382,t1618
p382,u317
p383,t1619
p383,t10
p383,t1620
p383,t1621
p383,t1622
p383,t1623
p383,t1136
p383,t1624
p383,t42
p383,t1625
p383,u318
p384,t10
p384,t1626
p384,t1627
p384,t1628
p384,t730
p384,t305
p384,u319
p385,t1300
p385,t1629
p385,t1630
p385,t1373
p385,u319
p386,t10
p386,t15
p386,t30
p386,t87
p386,t1631
p386,t97
p386,t1632
p386,t1633
p386,u320
p387,t45
p387,t1634
p387,t28
p387,t10
p387,u321
p388,t1635
p388,t1636
p388,t1637
p388,t1638
p388,t1639
p388,t10
p388,u322
p389,t1640
p389,t852
p389,t1641
p389,t1144
p389,t981
p389,t10
p389,t680
p389,t1642
p389,t572
p389,t103
p389,u323
p390,t2
p390,t1643
p390,t1496
p390,t305
p390,t1644
p390,u324
p391,t1645
p391,t10
p391,t8
p391,u325
p392,t61
p392,t1646
p392,t946
p392,t10
p392,t2
p392,t812
p392,t1647
p392,t1648
p392,t813
p392,t190
p392,u326
p393,t10
p393,t96
p393,t378
p393,t425
p393,t614
p393,t658
p393,u327
p394,t10
p394,t22
p394,t1649
p394,t1448
p394,u327
p395,t1
p395,t1154
p395,t103
p395,t1650
p395,t1651
p395,t389
p395,t1155
p395,t1652
p395,t119
p395,t661
p395,t10
p395,t1653
p395,t105
p395,t1654
p395,t1655
p395,t1656
p395,t1657
p395,t654
p395,t1658
p395,t1659
p395,u328
p396,t24
p396,t1660
p396,t10
p396,t278
p396,t15
p396,t646
p396,t900
p396,t703
p396,t245
p396,t272
p396,u328
p397,t10
p397,t333
p397,t24
p397,u329
p398,t1661
p398,t10
p398,t1355
p398,t24
p398,t900
p398,t386
p398,t1662
p398,t87
p398,t215
p398,t1663
p398,t959
p398,u329
p399,t10
p399,t305
p399,t253
p399,t1025
p399,t237
p399,u329
p400,t497
p400,t290
p400,t15
p400,t499
p400,t1664
p400,t1665
p400,t496
p400,t10
p400,t9
p400,t8
p400,t566
p400,t42
p400,t101
p400,t2
p400,t28
p400,u330
p401,t1628
p401,t1666
p401,t1667
p401,t10
p401,u330
p402,t641
p402,t10
p402,u331
p403,t1668
p403,t8
p403,t9
p403,t10
p403,t1669
p403,t1670
p403,t1271
p403,t1041
p403,t1671
p403,t2
p403,t131
p403,t46
p403,u332
p404,t10
p404,t119
p404,t391
p404,t1672
p404,t565
p404,t42
p404,u333
p405,t10
p405,t210
p405,t1673
p405,t1674
p405,t895
p405,t102
p405,t710
p405,t15
p405,t1675
p405,t1676
p405,t101
p405,t644
p405,t285
p405,u334
p406,t57
p406,t1677
p406,t1484
p406,t2
p406,t305
p406,t1678
p406,u335
p407,t10
p407,t632
p407,t15
p407,t458
p407,t1679
p407,t1216
p407,t110
p407,t462
p407,t241
p407,u336
p408,t10
p408,t22
p408,t1443
p408,t1103
p408,u337
p409,t848
p409,t248
p409,t81
p409,t1680
p409,t10
p409,t1681
p409,t87
p409,t215
p409,t1682
p409,u338
p410,t10
p410,t1353
p410,t298
p410,u339
p411,t10
p411,t670
p411,t898
p411,t585
p411,u339
p412,t1683
p412,t1041
p412,t1669
p412,t1684
p412,t1685
p412,t1686
p412,t9
p412,t8
p412,t10
p412,u340
p413,t1687
p413,t1688
p413,t10
p413,t397
p413,t256
p413,t568
p413,t252
p413,t186
p413,t399
p413,t809
p413,u340
p414,t1689
p414,t1690
p414,t852
p414,t1691
p414,t10
p414,t854
p414,u341
p415,t10
p415,t1692
p415,t703
p415,t1480
p415,u342
p416,t246
p416,t641
p416,t276
p416,t516
p416,t1693
p416,t624
p416,t625
p416,t1694
p416,t852
p416,t248
p416,t103
p416,t1695
p416,t17
p416,t190
p416,t203
p416,t10
p416,t623
p416,t28
p416,t1696
p416,t684
p416,u343
p417,t899
p417,t1697
p417,t1698
p417,t548
p417,t2
p417,t57
p417,t1407
p417,t1699
p417,t1700
p417,t1496
p417,t1160
p417,t698
p417,t105
p417,t808
p417,t5
p417,t1052
p417,t1701
p417,t690
p417,t10
p417,t8
p417,u344
p418,t10
p418,t1702
p418,t1026
p418,t1703
p418,t1704
p418,t1705
p418,t289
p418,t1706
p418,u345
p419,t10
p419,t25
p419,t1707
p419,t1708
p419,t1709
p419,t1710
p419,t2
p419,u346
p420,t1711
p420,t1712
p420,t1713
p420,t87
p420,t1714
p420,t46
p420,u347
p421,t10
p421,t585
p421,t1715
p421,u347
p422,t10
p422,t808
p422,t453
p422,t1196
p422,t1716
p422,t1717
p422,t1718
p422,u348
p423,t302
p423,t1164
p423,t10
p423,t237
p423,u349
p424,t10
p424,t87
p424,t670
p424,u350
p425,t1049
p425,t1050
p425,t1719
p425,t1720
p425,t648
p425,t1721
p425,t8
p425,t203
p425,t10
p425,t1722
p425,t1723
p425,u351
p426,t111
p426,t1724
p426,t1725
p426,t1726
p426,t1727
p426,t458
p426,t168
p426,t1728
p426,t449
p426,t1729
p426,t1730
p426,t1731
p426,t1732
p426,t1733
p426,t339
p426,t10
p426,t1734
p426,u352
p427,t10
p427,t745
p427,t1735
p427,t42
p427,u353
p428,t10
p428,t97
p428,t237
p428,t993
p428,t1736
p428,u354
p429,t10
p429,t1737
p429,t1738
p429,t1271
p429,t1739
p429,t1683
p429,t1740
p429,u355
p430,t98
p430,t696
p430,t10
p430,t2
p430,t44
p430,t3
p430,t13
p430,u355
p431,t10
p431,t295
p431,t1141
p431,t1142
p431,t110
p431,t407
p431,t1741
p431,t15
p431,t411
p431,t24
p431,u355
p432,t10
p432,t285
p432,t391
p432,t1031
p432,t1636
p432,t278
p432,t1742
p432,u356
p433,t10
p433,t726
p433,t1743
p433,t1026
p433,t1744
p433,t1745
p433,t1746
p433,u356
p434,t43
p434,t78
p434,t412
p434,t942
p434,t148
p434,u357
p435,t1747
p435,t10
p435,t1748
p435,t1749
p435,t1203
p435,t1218
p435,t377
p435,t1750
p435,t1751
p435,u358
p436,t10
p436,t1752
p436,t1753
p436,t1754
p436,t1755
p436,u359
p437,t434
p437,t1756
p437,t97
p437,t577
p437,t1757
p437,t1758
p437,t10
p437,t93
p437,u360
p438,t10
p438,t87
p438,t15
p438,t596
p438,t102
p438,u361
p439,t10
p439,t253
p439,t808
p439,t1556
p439,t238
p439,t1759
p439,t1760
p439,t261
p439,t1761
p439,t1762
p439,t1763
p439,t95
p439,u362
p440,t10
p440,t15
p440,t798
p440,u362
p441,t1764
p441,t1765
p441,t87
p441,t1766
p441,u363
p442,t1767
p442,t2
p442,t1768
p442,t10
p442,t8
p442,t24
p442,t413
p442,t29
p442,t1769
p442,t170
p442,t203
p442,t1770
p442,u364
p443,t10
p443,t1687
p443,t1771
p443,t238
p443,u365
p444,t20
p444,t1772
p444,t318
p444,t771
p444,t1773
p444,t8
p444,t10
p444,t9
p444,t84
p444,t498
p444,t1774
p444,t1678
p444,t57
p444,u366
p445,t15
p445,t10
p445,t87
p445,t703
p445,t238
p445,t618
p445,t1775
p445,t1776
p445,t1777
p445,t874
p445,t849
p445,t411
p445,u367
p446,t1778
p446,t15
p446,t1779
p446,t35
p446,t1780
p446,t10
p446,t145
p446,t43
p446,u368
p447,t111
p447,t10
p447,t42
p447,u369
p448,t1781
p448,t2
p448,t130
p448,t932
p448,t145
p448,t1782
p448,t585
p448,t305
p448,u370
p449,t1783
p449,t1784
p449,t8
p449,t10
p449,t168
p449,t24
p449,t1785
p449,t9
p449,t28
p449,u371
p450,t1786
p450,t1787
p450,t389
p450,t15
p450,t1788
p450,t8
p450,t10
p450,t1789
p450,t1438
p450,t1790
p450,t212
p450,t1791
p450,u372
p451,t101
p451,t889
p451,t102
p451,t1792
p451,t432
p451,u373
p452,t10
p452,t1793
p452,t197
p452,t195
p452,t8
p452,t1794
p452,t15
p452,t1795
p452,t1796
p452,t1797
p452,t1798
p452,t1799
p452,t785
p452,u374
p453,t1800
p453,t906
p453,t1801
p453,t10
p453,t1802
p453,u375
p454,t1644
p454,t1803
p454,t1804
p454,t1805
p454,t1806
p454,u376
p455,t1807
p455,t1808
p455,u377
p456,t617
p456,t1809
p456,t922
p456,t1777
p456,t1810
p456,u378
p457,t10
p457,t1355
p457,t1185
p457,t1811
p457,t1812
p457,t1813
p457,t1814
p457,t1815
p457,t1816
p457,t258
p457,t1817
p457,t1818
p457,t1391
p457,u379
p458,t1819
p458,t10
p458,t87
p458,t215
p458,t285
p458,t286
p458,t289
p458,t632
p458,u380
p459,t10
p459,t1820
p459,u381
p460,t10
p460,t1191
p460,t808
p460,u382
p461,t1738
p461,t1375
p461,t1821
p461,t599
p461,t1822
p461,t1823
p461,t1824
p461,t10
p461,t305
p461,t203
p461,t307
p461,u383
p462,t102
p462,t10
p462,t248
p462,t1825
p462,t1826
p462,t1443
p462,t15
p462,t1103
p462,t84
p462,t101
p462,t1436
p462,t888
p462,t889
p462,u384
p463,t1827
p463,t1828
p463,t179
p463,t638
p463,t1260
p463,t80
p463,t25
p463,t1829
p463,t1830
p463,t103
p463,t1831
p463,t820
p463,t515
p463,t119
p463,t10
p463,t96
p463,t51
p463,t1832
p463,t1833
p463,u385
p464,t2
p464,t1834
p464,t8
p464,t264
p464,t10
p464,t1835
p464,t1836
p464,t1837
p464,t35
p464,t27
p464,t1838
p464,t1839
p464,t111
p464,u386
p465,t10
p465,t1840
p465,t1841
p465,t1842
p465,t1432
p465,t1843
p465,t1355
p465,t238
p465,t745
p465,t1357
p465,t1185
p465,t1844
p465,t1356
p465,t42
p465,u387
p466,t657
p466,t656
p466,t10
p466,t1004
p466,t782
p466,t35
p466,t15
p466,u387
p467,t456
p467,t10
p467,t1845
p467,t1846
p467,t460
p467,t1847
p467,t1848
p467,t2
p467,u388
p468,t1849
p468,t456
p468,t1
p468,t1276
p468,t10
p468,u389
p469,t848
p469,t10
p469,t1850
p469,t23
p469,t15
p469,t1851
p469,t711
p469,t358
p469,t30
p469,u390
p470,t10
p470,t1852
p470,t1853
p470,t1854
p470,u390
p471,t25
p471,t143
p471,t46
p471,t10
p471,t1855
p471,t106
p471,t1856
p471,t1857
p471,u391
p472,t462
p472,t1858
p472,t10
p472,u391
p473,t10
p473,t1859
p473,t99
p473,t1860
p473,t111
p473,t3
p473,t637
p473,t1861
p473,t17
p473,t301
p473,t340
p473,u392
p474,t10
p474,t1291
p474,t949
p474,u392
p475,t782
p475,t1862
p475,t780
p475,t8
p475,t9
p475,t1863
p475,t944
p475,u393
p476,t10
p476,t317
p476,t1665
p476,t1664
p476,t42
p476,u394
p477,t305
p477,t470
p477,t1864
p477,t791
p477,t1167
p477,u395
p478,t1865
p478,t1492
p478,t1347
p478,t282
p478,t820
p478,t1617
p478,t10
p478,t1866
p478,t1867
p478,t1868
p478,t1869
p478,u396
p479,t661
p479,t1617
p479,t1870
p479,t1497
p479,t1496
p479,t1871
p479,t1872
p479,t1873
p479,t657
p479,t1139
p479,t1874
p479,t1875
p479,t1876
p479,t1877
p479,t10
p479,t15
p479,t1614
p479,t171
p479,t1009
p479,t712
p479,u397
p480,t10
p480,t1185
p480,t1878
p480,t1184
p480,t258
p480,u397
p481,t10
p481,t1879
p481,t15
p481,u397
p482,t1880
p482,t808
p482,t1881
p482,t15
p482,t1882
p482,t1883
p482,t10
p482,t1884
p482,u398
p483,t1885
p483,t1886
p483,t1887
p483,t1888
p483,t1889
p483,t1890
p483,t1891
p483,t1892
p483,t1893
p483,t1894
p483,t1895
p483,t1896
p483,u399
p484,t10
p484,t15
p484,t1897
p484,t843
p484,u400
p485,t111
p485,t10
p485,t1403
p485,t186
p485,t804
p485,t504
p485,t1052
p485,t805
p485,t2
p485,t15
p485,t803
p485,t1898
p485,t341
p485,t1899
p485,t340
p485,t301
p485,t1900
p485,t861
p485,u401
p486,t9
p486,t8
p486,t1901
p486,t1902
p486,t10
p486,t1903
p486,t1904
p486,u401
p487,t1905
p487,t10
p487,t1906
p487,u402
p488,t75
p488,t10
p488,t1907
p488,u403
p489,t85
p489,t81
p489,t594
p489,t79
p489,t1162
p489,t1908
p489,t91
p489,t908
p489,t215
p489,t1909
p489,t1557
p489,t97
p489,t1910
p489,t1911
p489,t10
p489,t1912
p489,t248
p489,t982
p489,t89
p489,t93
p489,u404
p490,t679
p490,t10
p490,t87
p490,t215
p490,t644
p490,t383
p490,t920
p490,t1913
p490,t1587
p490,t78
p490,t97
p490,t1277
p490,u405
p491,t382
p491,t57
p491,t33
p491,t1914
p491,t1688
p491,t1915
p491,t8
p491,t9
p491,t10
p491,t35
p491,t1471
p491,u406
p492,t10
p492,t1916
p492,t305
p492,t237
p492,t1025
p492,u406
p493,t1917
p493,t305
p493,t1135
p493,t441
p493,u407
p494,t1918
p494,t889
p494,t102
p494,t101
p494,u408
p495,t102
p495,t889
p495,t1919
p495,t1419
p495,t1920
p495,t1921
p495,t653
p495,t661
p495,t10
p495,u409
p496,t305
p496,t10
p496,t1922
p496,t922
p496,t15
p496,t1923
p496,u410
p497,t1924
p497,t10
p497,t15
p497,t178
p497,u410
p498,t10
p498,t264
p498,t295
p498,t504
p498,t848
p498,t1925
p498,u410
p499,t1926
p499,u411
